{
                "custom_trains":{
                                "line1":{
                                                "name":"PM121-杭州地铁1号线 by BlockChild",
                                                "color":"FF2963",
                                                "gangway_connection_id":"mtr:textures/entity/hzmetro",
                                                "train_barrier_id":"",
                                                "rider_offset":0.0,
                                                "speed_sound_count":78,
                                                "speed_sound_base_id":"k_train",
                                                "door_sound_base_id":"hzmetro_l19",
                                                "door_animation_type":"PLUG_FAST",
                                                "render_door_overlay":false,
                                                "texture_id":"mtr:hangzhou/line1",
                                                "model":"mtr:hangzhou/line1.bbmodel",
                                                "model_properties":"mtr:hangzhou/line1.json"
                                },"b2":{
                                                "name":"B-杭州地铁2号线 by BlockChild",
                                                "color":"FF9200",
                                                "gangway_connection_id":"mtr:textures/entity/hzmetro",
                                                "train_barrier_id":"",
                                                "rider_offset":0.0,
                                                "speed_sound_count":78,
                                                "speed_sound_base_id":"k_train",
                                                "door_sound_base_id":"hzmetro_l19",
                                                "door_animation_type":"PLUG_FAST",
                                                "render_door_overlay":false,
                                                "texture_id":"mtr:hangzhou/line2",
                                                "model":"mtr:hangzhou/b.bbmodel",
                                                "model_properties":"mtr:hangzhou/ah.json"
                                },"ah3":{
                                                "name":"AH-杭州地铁3号线 by BlockChild",
                                                "color":"FFFF00",
                                                "gangway_connection_id":"mtr:textures/entity/hzmetro",
                                                "train_barrier_id":"",
                                                "rider_offset":0.0,
                                                "speed_sound_count":78,
                                                "speed_sound_base_id":"k_train",
                                                "door_sound_base_id":"hzmetro_l19",
                                                "door_animation_type":"PLUG_FAST",
                                                "render_door_overlay":false,
                                                "texture_id":"mtr:hangzhou/line3",
                                                "model":"mtr:hangzhou/ah.bbmodel",
                                                "model_properties":"mtr:hangzhou/ah.json"
                                },"b4":{
                                                "name":"B-杭州地铁4号线 by BlockChild",
                                                "color":"00FF00",
                                                "gangway_connection_id":"mtr:textures/entity/hzmetro",
                                                "train_barrier_id":"",
                                                "rider_offset":0.0,
                                                "speed_sound_count":78,
                                                "speed_sound_base_id":"k_train",
                                                "door_sound_base_id":"hzmetro_l19",
                                                "door_animation_type":"PLUG_FAST",
                                                "render_door_overlay":false,
                                                "texture_id":"mtr:hangzhou/line4",
                                                "model":"mtr:hangzhou/b.bbmodel",
                                                "model_properties":"mtr:hangzhou/ah.json"
                                },"ah5":{
                                                "name":"AH-杭州地铁5号线 by BlockChild",
                                                "color":"187EA6",
                                                "gangway_connection_id":"mtr:textures/entity/hzmetro",
                                                "train_barrier_id":"",
                                                "rider_offset":0.0,
                                                "speed_sound_count":78,
                                                "speed_sound_base_id":"k_train",
                                                "door_sound_base_id":"hzmetro_l19",
                                                "door_animation_type":"PLUG_FAST",
                                                "render_door_overlay":false,
                                                "texture_id":"mtr:hangzhou/line5",
                                                "model":"mtr:hangzhou/ah.bbmodel",
                                                "model_properties":"mtr:hangzhou/ah.json"
                                },"ah6":{
                                                "name":"AH-杭州地铁6号线 by BlockChild",
                                                "color":"0046FF",
                                                "gangway_connection_id":"mtr:textures/entity/hzmetro",
                                                "train_barrier_id":"",
                                                "rider_offset":0.0,
                                                "speed_sound_count":78,
                                                "speed_sound_base_id":"k_train",
                                                "door_sound_base_id":"hzmetro_l19",
                                                "door_animation_type":"PLUG_FAST",
                                                "render_door_overlay":false,
                                                "texture_id":"mtr:hangzhou/line6",
                                                "model":"mtr:hangzhou/ah.bbmodel",
                                                "model_properties":"mtr:hangzhou/ah.json"
                                },"a7":{
                                                "name":"A-杭州地铁7号线 by BlockChild",
                                                "color":"C303FF",
                                                "gangway_connection_id":"mtr:textures/entity/hzmetro",
                                                "train_barrier_id":"",
                                                "rider_offset":0.0,
                                                "speed_sound_count":78,
                                                "speed_sound_base_id":"k_train",
                                                "door_sound_base_id":"hzmetro_l19",
                                                "door_animation_type":"PLUG_FAST",
                                                "render_door_overlay":false,
                                                "texture_id":"mtr:hangzhou/line7",
                                                "model":"mtr:hangzhou/ah.bbmodel",
                                                "model_properties":"mtr:hangzhou/a.json"
                                },"a8":{
                                                "name":"A-杭州地铁8号线 by BlockChild",
                                                "color":"C303FF",
                                                "gangway_connection_id":"mtr:textures/entity/hzmetro",
                                                "train_barrier_id":"",
                                                "rider_offset":0.0,
                                                "speed_sound_count":78,
                                                "speed_sound_base_id":"k_train",
                                                "door_sound_base_id":"hzmetro_l19",
                                                "door_animation_type":"PLUG_FAST",
                                                "render_door_overlay":false,
                                                "texture_id":"mtr:hangzhou/line8",
                                                "model":"mtr:hangzhou/ah.bbmodel",
                                                "model_properties":"mtr:hangzhou/a.json"
                                },"b9":{
                                                "name":"B-杭州地铁9号线 by BlockChild",
                                                "color":"9D5800",
                                                "gangway_connection_id":"mtr:textures/entity/hzmetro",
                                                "train_barrier_id":"",
                                                "rider_offset":0.0,
                                                "speed_sound_count":78,
                                                "speed_sound_base_id":"k_train",
                                                "door_sound_base_id":"hzmetro_l19",
                                                "door_animation_type":"PLUG_FAST",
                                                "render_door_overlay":false,
                                                "texture_id":"mtr:hangzhou/line9",
                                                "model":"mtr:hangzhou/b.bbmodel",
                                                "model_properties":"mtr:hangzhou/ah.json"
                                },"a10":{
                                                "name":"A-杭州地铁10号线 by BlockChild",
                                                "color":"E0C500",
                                                "gangway_connection_id":"mtr:textures/entity/hzmetro",
                                                "train_barrier_id":"",
                                                "rider_offset":0.0,
                                                "speed_sound_count":78,
                                                "speed_sound_base_id":"k_train",
                                                "door_sound_base_id":"hzmetro_l19",
                                                "door_animation_type":"PLUG_FAST",
                                                "render_door_overlay":false,
                                                "texture_id":"mtr:hangzhou/line10",
                                                "model":"mtr:hangzhou/ah.bbmodel",
                                                "model_properties":"mtr:hangzhou/a.json"
                                },"b16":{
                                                "name":"B-杭州地铁16号线 by BlockChild",
                                                "color":"FFB53C",
                                                "gangway_connection_id":"mtr:textures/entity/hzmetro",
                                                "train_barrier_id":"",
                                                "rider_offset":0.0,
                                                "speed_sound_count":78,
                                                "speed_sound_base_id":"k_train",
                                                "door_sound_base_id":"hzmetro_l19",
                                                "door_animation_type":"PLUG_FAST",
                                                "render_door_overlay":false,
                                                "texture_id":"mtr:hangzhou/line16",
                                                "model":"mtr:hangzhou/b.bbmodel",
                                                "model_properties":"mtr:hangzhou/ah.json"
                                },"19":{
                                                "name":"PM179-杭州地铁19号线（Prerelease）by BlockChild",
                                                "color":"00F8FF",
                                                "gangway_connection_id":"mtr:textures/entity/hzmetro",
                                                "train_barrier_id":"",
                                                "rider_offset":0.0,
                                                "speed_sound_count":78,
                                                "speed_sound_base_id":"s_train",
                                                "door_sound_base_id":"hzmetro_l19",
                                                "door_animation_type":"PLUG_FAST",
                                                "render_door_overlay":false,
                                                "texture_id":"mtr:hangzhou/line19",
                                                "model":"mtr:hangzhou/line19.bbmodel",
                                                "model_properties":"mtr:hangzhou/line19.json"

                                }
                },"custom_signs": {
		"my_custom_sign": {
			"texture_id":"mtr:hangzhou/logo.png",
			"flip_texture":false,
			"custom_text":"杭州地铁|Hangzhou Metro",
			"flip_custom_text":false,
			"small":false
                                },"my_custom_sign2": {
			"texture_id": "mtr:hangzhou/logo.png",
			"flip_texture":false,
			"custom_text":"杭州地铁|Hangzhou Metro",
			"flip_custom_text":true,
			"small":false
                                }
                }
}