{
	"custom_trains":{
		"crt_as0":{
			"name":"重庆轨道交通As型地铁列车(环线涂装)",
			"color":"55BEFB",
			"rider_offset":0.0,
			"speed_sound_count": 16384,
			"speed_sound_base_id":"c_train",
			"door_sound_base_id":"sp1900",
			"texture_id":"mtr:crt_as/crt_as0",
			"model":"mtr:crt_as/crt_as.bbmodel",
			"model_properties":"mtr:crt_as/crt_as.json"
		},
		"crt_as1":{
			"name":"重庆轨道交通As型地铁列车(1号线涂装)",
			"color":"55BEFB",
			"rider_offset":0.0,
			"speed_sound_count": 16384,
			"speed_sound_base_id":"c_train",
			"door_sound_base_id":"sp1900",
			"texture_id":"mtr:crt_as/crt_as1",
			"model":"mtr:crt_as/crt_as.bbmodel",
			"model_properties":"mtr:crt_as/crt_as.json"
		},
		"crt_as2":{
			"name":"重庆轨道交通As型地铁列车(2号线涂装)",
			"color":"55BEFB",
			"rider_offset":0.0,
			"speed_sound_count": 16384,
			"speed_sound_base_id":"c_train",
			"door_sound_base_id":"sp1900",
			"texture_id":"mtr:crt_as/crt_as2",
			"model":"mtr:crt_as/crt_as.bbmodel",
			"model_properties":"mtr:crt_as/crt_as.json"
		},
		"crt_as3":{
			"name":"重庆轨道交通As型地铁列车(3号线涂装)",
			"color":"55BEFB",
			"rider_offset":0.0,
			"speed_sound_count": 16384,
			"speed_sound_base_id":"c_train",
			"door_sound_base_id":"sp1900",
			"texture_id":"mtr:crt_as/crt_as3",
			"model":"mtr:crt_as/crt_as.bbmodel",
			"model_properties":"mtr:crt_as/crt_as.json"
		},
		"crt_as4":{
			"name":"重庆轨道交通As型地铁列车(4号线涂装)",
			"color":"55BEFB",
			"rider_offset":0.0,
			"speed_sound_count": 16384,
			"speed_sound_base_id":"c_train",
			"door_sound_base_id":"sp1900",
			"texture_id":"mtr:crt_as/crt_as4",
			"model":"mtr:crt_as/crt_as.bbmodel",
			"model_properties":"mtr:crt_as/crt_as.json"
		},
		"crt_as5":{
			"name":"重庆轨道交通As型地铁列车(5号线涂装)",
			"color":"55BEFB",
			"rider_offset":0.0,
			"speed_sound_count": 16384,
			"speed_sound_base_id":"c_train",
			"door_sound_base_id":"sp1900",
			"texture_id":"mtr:crt_as/crt_as5",
			"model":"mtr:crt_as/crt_as.bbmodel",
			"model_properties":"mtr:crt_as/crt_as.json"
		},
		"crt_as6":{
			"name":"重庆轨道交通As型地铁列车(6号线涂装)",
			"color":"55BEFB",
			"rider_offset":0.0,
			"speed_sound_count": 16384,
			"speed_sound_base_id":"c_train",
			"door_sound_base_id":"sp1900",
			"texture_id":"mtr:crt_as/crt_as6",
			"model":"mtr:crt_as/crt_as.bbmodel",
			"model_properties":"mtr:crt_as/crt_as.json"
		},
		"crt_as9":{
			"name":"重庆轨道交通As型地铁列车(9号线涂装)",
			"color":"55BEFB",
			"rider_offset":0.0,
			"speed_sound_count": 16384,
			"speed_sound_base_id":"c_train",
			"door_sound_base_id":"sp1900",
			"texture_id":"mtr:crt_as/crt_as9",
			"model":"mtr:crt_as/crt_as.bbmodel",
			"model_properties":"mtr:crt_as/crt_as.json"
		},
		"crt_as10":{
			"name":"重庆轨道交通As型地铁列车(10号线涂装)",
			"color":"55BEFB",
			"rider_offset":0.0,
			"speed_sound_count": 16384,
			"speed_sound_base_id":"c_train",
			"door_sound_base_id":"sp1900",
			"texture_id":"mtr:crt_as/crt_as10",
			"model":"mtr:crt_as/crt_as.bbmodel",
			"model_properties":"mtr:crt_as/crt_as.json"
		}
	}
}