{
        "custom_trains": {
		"kahin_kangxin_bus_kml1750af_onground": {
			"name": "Kahin KangXinBus KML1750AF - OnGround",
			"description": "Bus right on track",
			"wikipedia_article": "",
			"color": "895EE",
			"gangway_connection_id": "",
			"train_barrier_id": "",
			"door_animation_type": "STANDARD",
			"render_door_overlay": false,
			"rider_offset": 0.0,
			"texture_id": "mtr:kahin_kangxin_bus_kml1750af_onground/kahin_kangxin_bus_kml1750af_onground",
			"model": "mtr:kahin_kangxin_bus_kml1750af_onground/kahin_kangxin_bus_kml1750af_onground.bbmodel",
			"model_properties": "mtr:kahin_kangxin_bus_kml1750af_onground/kahin_kangxin_bus_kml1750af_onground.json"
		}
	}
}