{"custom_trains":{"gzbrt_b1_chunjieonjieee":{"name":"Guangzhou BRT -Spring Festival Theme-(On rail)","description":"My Custom Train Description","wikipedia_article":"","color":"F41717","gangway_connection_id":"","train_barrier_id":"","door_animation_type":"PLUG_SLOW","render_door_overlay":false,"rider_offset":0.0,"texture_id":"mtr:gzbrt_b1_chunjieonjieee/gzbrt_b1_chunjieonjieee","model":"mtr:gzbrt_b1_chunjieonjieee/gzbrt_b1_chunjieonjieee.bbmodel","model_properties":"mtr:gzbrt_b1_chunjieonjieee/gzbrt_b1_chunjieonjieee.json"}}}