{
	"transport_mode": "CABLE_CAR",
	"length": 1,
	"width": 2,
	"door_max": 9,
	"parts": [{
		"name": "body",
		"stage": "EXTERIOR",
		"mirror": false,
		"skip_rendering_if_too_far": false,
		"door_offset": "NONE",
		"render_condition": "ALL",
		"positions": [
			[0.0, 0.0]
		],
		"whitelisted_cars": "",
		"blacklisted_cars": ""
	}, {
		"name": "wall_1",
		"stage": "EXTERIOR",
		"mirror": false,
		"skip_rendering_if_too_far": false,
		"door_offset": "NONE",
		"render_condition": "ALL",
		"positions": [
			[0.0, 0.0]
		],
		"whitelisted_cars": "",
		"blacklisted_cars": ""
	}, {
		"name": "wall_1",
		"stage": "EXTERIOR",
		"mirror": true,
		"skip_rendering_if_too_far": false,
		"door_offset": "NONE",
		"render_condition": "ALL",
		"positions": [
			[0.0, 0.0]
		],
		"whitelisted_cars": "",
		"blacklisted_cars": ""
	}, {
		"name": "wall_2",
		"stage": "EXTERIOR",
		"mirror": false,
		"skip_rendering_if_too_far": false,
		"door_offset": "NONE",
		"render_condition": "ALL",
		"positions": [
			[0, 0]
		],
		"whitelisted_cars": "",
		"blacklisted_cars": ""
	}, {
		"name": "wall_2",
		"stage": "EXTERIOR",
		"mirror": true,
		"skip_rendering_if_too_far": false,
		"door_offset": "NONE",
		"render_condition": "ALL",
		"positions": [
			[0.0, 0.0]
		],
		"whitelisted_cars": "",
		"blacklisted_cars": ""
	}, {
		"name": "door_left",
		"stage": "EXTERIOR",
		"mirror": false,
		"skip_rendering_if_too_far": false,
		"door_offset": "LEFT_NEGATIVE",
		"render_condition": "ALL",
		"positions": [
			[0.0, 0.0]
		],
		"whitelisted_cars": "",
		"blacklisted_cars": ""
	}, {
		"name": "door_right",
		"stage": "EXTERIOR",
		"mirror": false,
		"skip_rendering_if_too_far": false,
		"door_offset": "LEFT_POSITIVE",
		"render_condition": "ALL",
		"positions": [
			[0.0, 0.0]
		],
		"whitelisted_cars": "",
		"blacklisted_cars": ""
	}, {
		"name": "door_left",
		"stage": "EXTERIOR",
		"mirror": true,
		"skip_rendering_if_too_far": false,
		"door_offset": "RIGHT_NEGATIVE",
		"render_condition": "ALL",
		"positions": [
			[0.0, 0.0]
		],
		"whitelisted_cars": "",
		"blacklisted_cars": ""
	}, {
		"name": "door_right",
		"stage": "EXTERIOR",
		"mirror": true,
		"skip_rendering_if_too_far": false,
		"door_offset": "RIGHT_POSITIVE",
		"render_condition": "ALL",
		"positions": [
			[0.0, 0.0]
		],
		"whitelisted_cars": "",
		"blacklisted_cars": ""
	}]
}