{
	"custom_trains": {
		"newyear2023": {
			"name": "2023",
			"description": "2023涂装",
			"wikipedia_article": "",
			"color": "FF0000",
			"gangway_connection_id": "",
			"train_barrier_id": "",
			"door_animation_type": "STANDARD",
			"render_door_overlay": false,
			"rider_offset": 0.0,
			"texture_id": "mtr:cablecarblowside/newyear2023",
			"model": "mtr:cablecarblowside/cablecarblowside.bbmodel",
			"model_properties": "mtr:cablecarblowside/cablecarblowside.json"
		},
		"newyear2023a": {
			"name": "2023",
			"description": "2023涂装，带2023字样灯饰",
			"wikipedia_article": "",
			"color": "FF0000",
			"gangway_connection_id": "",
			"train_barrier_id": "",
			"door_animation_type": "STANDARD",
			"render_door_overlay": false,
			"rider_offset": 0.0,
			"texture_id": "mtr:cablecarblowside/newyear2023a",
			"model": "mtr:cablecarblowside/newyear2023.bbmodel",
			"model_properties": "mtr:cablecarblowside/newyear2023a.json"
		},
		"newyear2023a1": {
			"name": "2023",
			"description": "2023涂装，带2023字样灯饰，车门上有兔子图案",
			"wikipedia_article": "",
			"color": "FF0000",
			"gangway_connection_id": "",
			"train_barrier_id": "",
			"door_animation_type": "STANDARD",
			"render_door_overlay": false,
			"rider_offset": 0.0,
			"texture_id": "mtr:cablecarblowside/newyear2023a1",
			"model": "mtr:cablecarblowside/newyear2023.bbmodel",
			"model_properties": "mtr:cablecarblowside/newyear2023a.json"
		},
		"newyear2023b": {
			"name": "2023",
			"description": "2023涂装，带2023字样灯饰，带兔子灯饰",
			"wikipedia_article": "",
			"color": "FF0000",
			"gangway_connection_id": "",
			"train_barrier_id": "",
			"door_animation_type": "STANDARD",
			"render_door_overlay": false,
			"rider_offset": 0.0,
			"texture_id": "mtr:cablecarblowside/newyear2023b",
			"model": "mtr:cablecarblowside/newyear2023.bbmodel",
			"model_properties": "mtr:cablecarblowside/newyear2023b.json"
		}
	}
}