{
	"custom_trains": {
		"kahin_kangxin_bus_kml1750af": {
			"name": "Kahin KangXinBus KML1750AF",
			"description": "Bus one block higher than track",
			"wikipedia_article": "",
			"color": "B79EF",
			"gangway_connection_id": "",
			"train_barrier_id": "",
			"door_animation_type": "STANDARD",
			"render_door_overlay": false,
			"rider_offset": 1.0,
			"texture_id": "mtr:kahin_kangxin_bus_kml1750af/kahin_kangxin_bus_kml1750af",
			"model": "mtr:kahin_kangxin_bus_kml1750af/kahin_kangxin_bus_kml1750af.bbmodel",
			"model_properties": "mtr:kahin_kangxin_bus_kml1750af/kahin_kangxin_bus_kml1750af.json"
		}
	}
}